Evaluation_type,Mean Absolute Error,Mean Squared Error,Root Mean Squared Error,Mean Absolute Percentage Error
ModelType.TRANSFORMER_multi_5_numerical_pos_embed_False,3.946039111540019,53.56054926340462,7.318507311153321,0.0300547884307255
ModelType.TRANSFORMER_multi_5_numerical_pos_embed_False,3.946039111540019,53.56054926340462,7.318507311153321,0.0300547884307255
TRANSFORMER_multi_5_numerical_pos_embed_False,3.946039111540019,53.56054926340462,7.318507311153321,0.0300547884307255
TRANSFORMER_multi_5_numerical_n_news_sentiment_pos_embed_False,5.689418977904088,101.85816126724143,10.092480431848328,0.030457997302016253
